scenario,timestamp,region,pm25
clear_day,2026-09-23 12:00:00+08:00,north,29.7
clear_day,2026-09-23 13:00:00+08:00,north,33.6
clear_day,2026-09-23 14:00:00+08:00,north,34.2
clear_day,2026-09-23 15:00:00+08:00,north,31.0
clear_day,2026-09-23 16:00:00+08:00,north,31.1
clear_day,2026-09-23 17:00:00+08:00,north,29.9
clear_day,2026-09-23 18:00:00+08:00,north,30.8
clear_day,2026-09-23 19:00:00+08:00,north,27.9
clear_day,2026-09-23 20:00:00+08:00,north,27.6
clear_day,2026-09-23 21:00:00+08:00,north,20.3
clear_day,2026-09-23 22:00:00+08:00,north,25.1
clear_day,2026-09-23 23:00:00+08:00,north,19.8
clear_day,2026-09-24 00:00:00+08:00,north,19.7
clear_day,2026-09-24 01:00:00+08:00,north,16.8
clear_day,2026-09-24 02:00:00+08:00,north,15.5
clear_day,2026-09-24 03:00:00+08:00,north,16.9
clear_day,2026-09-24 04:00:00+08:00,north,17.9
clear_day,2026-09-24 05:00:00+08:00,north,16.7
clear_day,2026-09-24 06:00:00+08:00,north,18.0
clear_day,2026-09-24 07:00:00+08:00,north,21.4
clear_day,2026-09-24 08:00:00+08:00,north,20.2
clear_day,2026-09-24 09:00:00+08:00,north,21.0
clear_day,2026-09-24 10:00:00+08:00,north,26.9
clear_day,2026-09-24 11:00:00+08:00,north,26.7
clear_day,2026-09-23 12:00:00+08:00,south,28.8
clear_day,2026-09-23 13:00:00+08:00,south,32.3
clear_day,2026-09-23 14:00:00+08:00,south,33.8
clear_day,2026-09-23 15:00:00+08:00,south,32.6
clear_day,2026-09-23 16:00:00+08:00,south,31.7
clear_day,2026-09-23 17:00:00+08:00,south,34.0
clear_day,2026-09-23 18:00:00+08:00,south,34.5
clear_day,2026-09-23 19:00:00+08:00,south,30.5
clear_day,2026-09-23 20:00:00+08:00,south,27.6
clear_day,2026-09-23 21:00:00+08:00,south,27.8
clear_day,2026-09-23 22:00:00+08:00,south,26.4
clear_day,2026-09-23 23:00:00+08:00,south,22.4
clear_day,2026-09-24 00:00:00+08:00,south,22.4
clear_day,2026-09-24 01:00:00+08:00,south,22.2
clear_day,2026-09-24 02:00:00+08:00,south,18.9
clear_day,2026-09-24 03:00:00+08:00,south,17.4
clear_day,2026-09-24 04:00:00+08:00,south,20.0
clear_day,2026-09-24 05:00:00+08:00,south,20.6
clear_day,2026-09-24 06:00:00+08:00,south,23.5
clear_day,2026-09-24 07:00:00+08:00,south,20.4
clear_day,2026-09-24 08:00:00+08:00,south,23.6
clear_day,2026-09-24 09:00:00+08:00,south,25.3
clear_day,2026-09-24 10:00:00+08:00,south,25.6
clear_day,2026-09-24 11:00:00+08:00,south,31.3
clear_day,2026-09-23 12:00:00+08:00,east,28.7
clear_day,2026-09-23 13:00:00+08:00,east,27.5
clear_day,2026-09-23 14:00:00+08:00,east,32.5
clear_day,2026-09-23 15:00:00+08:00,east,31.6
clear_day,2026-09-23 16:00:00+08:00,east,31.0
clear_day,2026-09-23 17:00:00+08:00,east,29.7
clear_day,2026-09-23 18:00:00+08:00,east,29.6
clear_day,2026-09-23 19:00:00+08:00,east,23.3
clear_day,2026-09-23 20:00:00+08:00,east,25.3
clear_day,2026-09-23 21:00:00+08:00,east,23.2
clear_day,2026-09-23 22:00:00+08:00,east,16.4
clear_day,2026-09-23 23:00:00+08:00,east,18.7
clear_day,2026-09-24 00:00:00+08:00,east,15.8
clear_day,2026-09-24 01:00:00+08:00,east,16.6
clear_day,2026-09-24 02:00:00+08:00,east,13.4
clear_day,2026-09-24 03:00:00+08:00,east,14.0
clear_day,2026-09-24 04:00:00+08:00,east,15.0
clear_day,2026-09-24 05:00:00+08:00,east,13.3
clear_day,2026-09-24 06:00:00+08:00,east,17.5
clear_day,2026-09-24 07:00:00+08:00,east,17.8
clear_day,2026-09-24 08:00:00+08:00,east,20.9
clear_day,2026-09-24 09:00:00+08:00,east,21.0
clear_day,2026-09-24 10:00:00+08:00,east,26.2
clear_day,2026-09-24 11:00:00+08:00,east,27.2
clear_day,2026-09-23 12:00:00+08:00,west,31.3
clear_day,2026-09-23 13:00:00+08:00,west,34.2
clear_day,2026-09-23 14:00:00+08:00,west,36.2
clear_day,2026-09-23 15:00:00+08:00,west,37.6
clear_day,2026-09-23 16:00:00+08:00,west,30.6
clear_day,2026-09-23 17:00:00+08:00,west,34.7
clear_day,2026-09-23 18:00:00+08:00,west,32.6
clear_day,2026-09-23 19:00:00+08:00,west,29.8
clear_day,2026-09-23 20:00:00+08:00,west,26.1
clear_day,2026-09-23 21:00:00+08:00,west,28.5
clear_day,2026-09-23 22:00:00+08:00,west,21.4
clear_day,2026-09-23 23:00:00+08:00,west,23.1
clear_day,2026-09-24 00:00:00+08:00,west,22.9
clear_day,2026-09-24 01:00:00+08:00,west,15.9
clear_day,2026-09-24 02:00:00+08:00,west,17.7
clear_day,2026-09-24 03:00:00+08:00,west,15.4
clear_day,2026-09-24 04:00:00+08:00,west,18.8
clear_day,2026-09-24 05:00:00+08:00,west,22.1
clear_day,2026-09-24 06:00:00+08:00,west,24.4
clear_day,2026-09-24 07:00:00+08:00,west,18.4
clear_day,2026-09-24 08:00:00+08:00,west,22.8
clear_day,2026-09-24 09:00:00+08:00,west,27.4
clear_day,2026-09-24 10:00:00+08:00,west,31.2
clear_day,2026-09-24 11:00:00+08:00,west,30.8
clear_day,2026-09-23 12:00:00+08:00,central,34.2
clear_day,2026-09-23 13:00:00+08:00,central,37.5
clear_day,2026-09-23 14:00:00+08:00,central,37.7
clear_day,2026-09-23 15:00:00+08:00,central,37.6
clear_day,2026-09-23 16:00:00+08:00,central,36.3
clear_day,2026-09-23 17:00:00+08:00,central,37.7
clear_day,2026-09-23 18:00:00+08:00,central,36.3
clear_day,2026-09-23 19:00:00+08:00,central,33.8
clear_day,2026-09-23 20:00:00+08:00,central,31.6
clear_day,2026-09-23 21:00:00+08:00,central,27.4
clear_day,2026-09-23 22:00:00+08:00,central,27.0
clear_day,2026-09-23 23:00:00+08:00,central,28.4
clear_day,2026-09-24 00:00:00+08:00,central,24.0
clear_day,2026-09-24 01:00:00+08:00,central,20.2
clear_day,2026-09-24 02:00:00+08:00,central,24.9
clear_day,2026-09-24 03:00:00+08:00,central,23.1
clear_day,2026-09-24 04:00:00+08:00,central,26.5
clear_day,2026-09-24 05:00:00+08:00,central,23.2
clear_day,2026-09-24 06:00:00+08:00,central,23.4
clear_day,2026-09-24 07:00:00+08:00,central,23.1
clear_day,2026-09-24 08:00:00+08:00,central,30.6
clear_day,2026-09-24 09:00:00+08:00,central,35.1
clear_day,2026-09-24 10:00:00+08:00,central,30.4
clear_day,2026-09-24 11:00:00+08:00,central,32.7
moderate_haze,2026-09-23 12:00:00+08:00,north,69.7
moderate_haze,2026-09-23 13:00:00+08:00,north,73.3
moderate_haze,2026-09-23 14:00:00+08:00,north,75.6
moderate_haze,2026-09-23 15:00:00+08:00,north,78.7
moderate_haze,2026-09-23 16:00:00+08:00,north,83.7
moderate_haze,2026-09-23 17:00:00+08:00,north,77.7
moderate_haze,2026-09-23 18:00:00+08:00,north,82.2
moderate_haze,2026-09-23 19:00:00+08:00,north,81.7
moderate_haze,2026-09-23 20:00:00+08:00,north,76.8
moderate_haze,2026-09-23 21:00:00+08:00,north,74.3
moderate_haze,2026-09-23 22:00:00+08:00,north,74.9
moderate_haze,2026-09-23 23:00:00+08:00,north,74.8
moderate_haze,2026-09-24 00:00:00+08:00,north,75.5
moderate_haze,2026-09-24 01:00:00+08:00,north,72.3
moderate_haze,2026-09-24 02:00:00+08:00,north,73.9
moderate_haze,2026-09-24 03:00:00+08:00,north,70.7
moderate_haze,2026-09-24 04:00:00+08:00,north,71.5
moderate_haze,2026-09-24 05:00:00+08:00,north,72.3
moderate_haze,2026-09-24 06:00:00+08:00,north,76.7
moderate_haze,2026-09-24 07:00:00+08:00,north,82.1
moderate_haze,2026-09-24 08:00:00+08:00,north,87.4
moderate_haze,2026-09-24 09:00:00+08:00,north,88.8
moderate_haze,2026-09-24 10:00:00+08:00,north,97.4
moderate_haze,2026-09-24 11:00:00+08:00,north,99.8
moderate_haze,2026-09-23 12:00:00+08:00,south,75.2
moderate_haze,2026-09-23 13:00:00+08:00,south,78.2
moderate_haze,2026-09-23 14:00:00+08:00,south,86.2
moderate_haze,2026-09-23 15:00:00+08:00,south,84.3
moderate_haze,2026-09-23 16:00:00+08:00,south,83.0
moderate_haze,2026-09-23 17:00:00+08:00,south,83.0
moderate_haze,2026-09-23 18:00:00+08:00,south,88.0
moderate_haze,2026-09-23 19:00:00+08:00,south,82.0
moderate_haze,2026-09-23 20:00:00+08:00,south,83.9
moderate_haze,2026-09-23 21:00:00+08:00,south,82.6
moderate_haze,2026-09-23 22:00:00+08:00,south,73.3
moderate_haze,2026-09-23 23:00:00+08:00,south,79.0
moderate_haze,2026-09-24 00:00:00+08:00,south,74.8
moderate_haze,2026-09-24 01:00:00+08:00,south,72.4
moderate_haze,2026-09-24 02:00:00+08:00,south,73.6
moderate_haze,2026-09-24 03:00:00+08:00,south,76.7
moderate_haze,2026-09-24 04:00:00+08:00,south,78.0
moderate_haze,2026-09-24 05:00:00+08:00,south,80.6
moderate_haze,2026-09-24 06:00:00+08:00,south,81.5
moderate_haze,2026-09-24 07:00:00+08:00,south,89.3
moderate_haze,2026-09-24 08:00:00+08:00,south,94.0
moderate_haze,2026-09-24 09:00:00+08:00,south,99.1
moderate_haze,2026-09-24 10:00:00+08:00,south,101.8
moderate_haze,2026-09-24 11:00:00+08:00,south,107.8
moderate_haze,2026-09-23 12:00:00+08:00,east,74.7
moderate_haze,2026-09-23 13:00:00+08:00,east,75.1
moderate_haze,2026-09-23 14:00:00+08:00,east,78.0
moderate_haze,2026-09-23 15:00:00+08:00,east,79.1
moderate_haze,2026-09-23 16:00:00+08:00,east,79.9
moderate_haze,2026-09-23 17:00:00+08:00,east,80.6
moderate_haze,2026-09-23 18:00:00+08:00,east,74.9
moderate_haze,2026-09-23 19:00:00+08:00,east,76.5
moderate_haze,2026-09-23 20:00:00+08:00,east,76.5
moderate_haze,2026-09-23 21:00:00+08:00,east,69.5
moderate_haze,2026-09-23 22:00:00+08:00,east,69.1
moderate_haze,2026-09-23 23:00:00+08:00,east,73.5
moderate_haze,2026-09-24 00:00:00+08:00,east,67.0
moderate_haze,2026-09-24 01:00:00+08:00,east,67.6
moderate_haze,2026-09-24 02:00:00+08:00,east,69.4
moderate_haze,2026-09-24 03:00:00+08:00,east,68.6
moderate_haze,2026-09-24 04:00:00+08:00,east,69.6
moderate_haze,2026-09-24 05:00:00+08:00,east,72.7
moderate_haze,2026-09-24 06:00:00+08:00,east,76.1
moderate_haze,2026-09-24 07:00:00+08:00,east,79.6
moderate_haze,2026-09-24 08:00:00+08:00,east,85.3
moderate_haze,2026-09-24 09:00:00+08:00,east,92.6
moderate_haze,2026-09-24 10:00:00+08:00,east,94.5
moderate_haze,2026-09-24 11:00:00+08:00,east,101.2
moderate_haze,2026-09-23 12:00:00+08:00,west,76.0
moderate_haze,2026-09-23 13:00:00+08:00,west,79.4
moderate_haze,2026-09-23 14:00:00+08:00,west,81.4
moderate_haze,2026-09-23 15:00:00+08:00,west,81.3
moderate_haze,2026-09-23 16:00:00+08:00,west,83.7
moderate_haze,2026-09-23 17:00:00+08:00,west,83.5
moderate_haze,2026-09-23 18:00:00+08:00,west,80.1
moderate_haze,2026-09-23 19:00:00+08:00,west,82.6
moderate_haze,2026-09-23 20:00:00+08:00,west,80.7
moderate_haze,2026-09-23 21:00:00+08:00,west,78.5
moderate_haze,2026-09-23 22:00:00+08:00,west,74.8
moderate_haze,2026-09-23 23:00:00+08:00,west,69.1
moderate_haze,2026-09-24 00:00:00+08:00,west,76.1
moderate_haze,2026-09-24 01:00:00+08:00,west,72.4
moderate_haze,2026-09-24 02:00:00+08:00,west,68.3
moderate_haze,2026-09-24 03:00:00+08:00,west,74.9
moderate_haze,2026-09-24 04:00:00+08:00,west,73.9
moderate_haze,2026-09-24 05:00:00+08:00,west,79.2
moderate_haze,2026-09-24 06:00:00+08:00,west,80.8
moderate_haze,2026-09-24 07:00:00+08:00,west,87.1
moderate_haze,2026-09-24 08:00:00+08:00,west,89.4
moderate_haze,2026-09-24 09:00:00+08:00,west,94.0
moderate_haze,2026-09-24 10:00:00+08:00,west,98.1
moderate_haze,2026-09-24 11:00:00+08:00,west,104.5
moderate_haze,2026-09-23 12:00:00+08:00,central,83.9
moderate_haze,2026-09-23 13:00:00+08:00,central,92.1
moderate_haze,2026-09-23 14:00:00+08:00,central,93.6
moderate_haze,2026-09-23 15:00:00+08:00,central,92.8
moderate_haze,2026-09-23 16:00:00+08:00,central,94.8
moderate_haze,2026-09-23 17:00:00+08:00,central,94.0
moderate_haze,2026-09-23 18:00:00+08:00,central,94.4
moderate_haze,2026-09-23 19:00:00+08:00,central,95.0
moderate_haze,2026-09-23 20:00:00+08:00,central,90.2
moderate_haze,2026-09-23 21:00:00+08:00,central,91.2
moderate_haze,2026-09-23 22:00:00+08:00,central,89.8
moderate_haze,2026-09-23 23:00:00+08:00,central,87.6
moderate_haze,2026-09-24 00:00:00+08:00,central,88.3
moderate_haze,2026-09-24 01:00:00+08:00,central,84.4
moderate_haze,2026-09-24 02:00:00+08:00,central,86.1
moderate_haze,2026-09-24 03:00:00+08:00,central,90.5
moderate_haze,2026-09-24 04:00:00+08:00,central,87.3
moderate_haze,2026-09-24 05:00:00+08:00,central,89.5
moderate_haze,2026-09-24 06:00:00+08:00,central,93.0
moderate_haze,2026-09-24 07:00:00+08:00,central,98.0
moderate_haze,2026-09-24 08:00:00+08:00,central,99.7
moderate_haze,2026-09-24 09:00:00+08:00,central,104.9
moderate_haze,2026-09-24 10:00:00+08:00,central,106.3
moderate_haze,2026-09-24 11:00:00+08:00,central,111.9
haze_episode,2026-09-23 12:00:00+08:00,north,133.5
haze_episode,2026-09-23 13:00:00+08:00,north,139.4
haze_episode,2026-09-23 14:00:00+08:00,north,148.2
haze_episode,2026-09-23 15:00:00+08:00,north,151.8
haze_episode,2026-09-23 16:00:00+08:00,north,151.7
haze_episode,2026-09-23 17:00:00+08:00,north,158.2
haze_episode,2026-09-23 18:00:00+08:00,north,156.0
haze_episode,2026-09-23 19:00:00+08:00,north,156.1
haze_episode,2026-09-23 20:00:00+08:00,north,156.4
haze_episode,2026-09-23 21:00:00+08:00,north,150.8
haze_episode,2026-09-23 22:00:00+08:00,north,145.5
haze_episode,2026-09-23 23:00:00+08:00,north,144.2
haze_episode,2026-09-24 00:00:00+08:00,north,146.3
haze_episode,2026-09-24 01:00:00+08:00,north,141.3
haze_episode,2026-09-24 02:00:00+08:00,north,146.2
haze_episode,2026-09-24 03:00:00+08:00,north,149.4
haze_episode,2026-09-24 04:00:00+08:00,north,151.2
haze_episode,2026-09-24 05:00:00+08:00,north,160.2
haze_episode,2026-09-24 06:00:00+08:00,north,168.9
haze_episode,2026-09-24 07:00:00+08:00,north,175.3
haze_episode,2026-09-24 08:00:00+08:00,north,185.8
haze_episode,2026-09-24 09:00:00+08:00,north,198.3
haze_episode,2026-09-24 10:00:00+08:00,north,205.0
haze_episode,2026-09-24 11:00:00+08:00,north,215.7
haze_episode,2026-09-23 12:00:00+08:00,south,146.6
haze_episode,2026-09-23 13:00:00+08:00,south,152.7
haze_episode,2026-09-23 14:00:00+08:00,south,156.1
haze_episode,2026-09-23 15:00:00+08:00,south,163.8
haze_episode,2026-09-23 16:00:00+08:00,south,170.7
haze_episode,2026-09-23 17:00:00+08:00,south,165.2
haze_episode,2026-09-23 18:00:00+08:00,south,169.8
haze_episode,2026-09-23 19:00:00+08:00,south,168.4
haze_episode,2026-09-23 20:00:00+08:00,south,164.4
haze_episode,2026-09-23 21:00:00+08:00,south,163.4
haze_episode,2026-09-23 22:00:00+08:00,south,158.3
haze_episode,2026-09-23 23:00:00+08:00,south,160.6
haze_episode,2026-09-24 00:00:00+08:00,south,159.7
haze_episode,2026-09-24 01:00:00+08:00,south,154.5
haze_episode,2026-09-24 02:00:00+08:00,south,157.2
haze_episode,2026-09-24 03:00:00+08:00,south,161.0
haze_episode,2026-09-24 04:00:00+08:00,south,164.2
haze_episode,2026-09-24 05:00:00+08:00,south,172.6
haze_episode,2026-09-24 06:00:00+08:00,south,177.7
haze_episode,2026-09-24 07:00:00+08:00,south,190.0
haze_episode,2026-09-24 08:00:00+08:00,south,198.2
haze_episode,2026-09-24 09:00:00+08:00,south,209.1
haze_episode,2026-09-24 10:00:00+08:00,south,220.5
haze_episode,2026-09-24 11:00:00+08:00,south,231.4
haze_episode,2026-09-23 12:00:00+08:00,east,126.7
haze_episode,2026-09-23 13:00:00+08:00,east,138.1
haze_episode,2026-09-23 14:00:00+08:00,east,144.7
haze_episode,2026-09-23 15:00:00+08:00,east,147.5
haze_episode,2026-09-23 16:00:00+08:00,east,153.9
haze_episode,2026-09-23 17:00:00+08:00,east,150.7
haze_episode,2026-09-23 18:00:00+08:00,east,151.1
haze_episode,2026-09-23 19:00:00+08:00,east,151.7
haze_episode,2026-09-23 20:00:00+08:00,east,147.4
haze_episode,2026-09-23 21:00:00+08:00,east,149.0
haze_episode,2026-09-23 22:00:00+08:00,east,144.1
haze_episode,2026-09-23 23:00:00+08:00,east,145.0
haze_episode,2026-09-24 00:00:00+08:00,east,138.2
haze_episode,2026-09-24 01:00:00+08:00,east,138.3
haze_episode,2026-09-24 02:00:00+08:00,east,144.3
haze_episode,2026-09-24 03:00:00+08:00,east,142.6
haze_episode,2026-09-24 04:00:00+08:00,east,151.6
haze_episode,2026-09-24 05:00:00+08:00,east,154.3
haze_episode,2026-09-24 06:00:00+08:00,east,164.3
haze_episode,2026-09-24 07:00:00+08:00,east,175.2
haze_episode,2026-09-24 08:00:00+08:00,east,182.7
haze_episode,2026-09-24 09:00:00+08:00,east,190.9
haze_episode,2026-09-24 10:00:00+08:00,east,202.6
haze_episode,2026-09-24 11:00:00+08:00,east,215.8
haze_episode,2026-09-23 12:00:00+08:00,west,139.1
haze_episode,2026-09-23 13:00:00+08:00,west,148.0
haze_episode,2026-09-23 14:00:00+08:00,west,153.2
haze_episode,2026-09-23 15:00:00+08:00,west,158.3
haze_episode,2026-09-23 16:00:00+08:00,west,160.4
haze_episode,2026-09-23 17:00:00+08:00,west,160.2
haze_episode,2026-09-23 18:00:00+08:00,west,163.3
haze_episode,2026-09-23 19:00:00+08:00,west,161.3
haze_episode,2026-09-23 20:00:00+08:00,west,154.8
haze_episode,2026-09-23 21:00:00+08:00,west,156.2
haze_episode,2026-09-23 22:00:00+08:00,west,155.6
haze_episode,2026-09-23 23:00:00+08:00,west,155.4
haze_episode,2026-09-24 00:00:00+08:00,west,147.6
haze_episode,2026-09-24 01:00:00+08:00,west,150.5
haze_episode,2026-09-24 02:00:00+08:00,west,152.8
haze_episode,2026-09-24 03:00:00+08:00,west,156.2
haze_episode,2026-09-24 04:00:00+08:00,west,158.1
haze_episode,2026-09-24 05:00:00+08:00,west,166.9
haze_episode,2026-09-24 06:00:00+08:00,west,172.9
haze_episode,2026-09-24 07:00:00+08:00,west,182.8
haze_episode,2026-09-24 08:00:00+08:00,west,191.7
haze_episode,2026-09-24 09:00:00+08:00,west,203.8
haze_episode,2026-09-24 10:00:00+08:00,west,212.8
haze_episode,2026-09-24 11:00:00+08:00,west,224.1
haze_episode,2026-09-23 12:00:00+08:00,central,160.5
haze_episode,2026-09-23 13:00:00+08:00,central,170.4
haze_episode,2026-09-23 14:00:00+08:00,central,178.3
haze_episode,2026-09-23 15:00:00+08:00,central,179.6
haze_episode,2026-09-23 16:00:00+08:00,central,181.3
haze_episode,2026-09-23 17:00:00+08:00,central,183.8
haze_episode,2026-09-23 18:00:00+08:00,central,183.1
haze_episode,2026-09-23 19:00:00+08:00,central,179.6
haze_episode,2026-09-23 20:00:00+08:00,central,180.8
haze_episode,2026-09-23 21:00:00+08:00,central,177.2
haze_episode,2026-09-23 22:00:00+08:00,central,177.5
haze_episode,2026-09-23 23:00:00+08:00,central,173.3
haze_episode,2026-09-24 00:00:00+08:00,central,174.1
haze_episode,2026-09-24 01:00:00+08:00,central,173.8
haze_episode,2026-09-24 02:00:00+08:00,central,172.6
haze_episode,2026-09-24 03:00:00+08:00,central,176.0
haze_episode,2026-09-24 04:00:00+08:00,central,180.4
haze_episode,2026-09-24 05:00:00+08:00,central,187.0
haze_episode,2026-09-24 06:00:00+08:00,central,197.4
haze_episode,2026-09-24 07:00:00+08:00,central,203.8
haze_episode,2026-09-24 08:00:00+08:00,central,214.0
haze_episode,2026-09-24 09:00:00+08:00,central,223.6
haze_episode,2026-09-24 10:00:00+08:00,central,238.4
haze_episode,2026-09-24 11:00:00+08:00,central,244.8
