2026-09-17T18:00:00+08:00,north,46.0
2026-09-17T18:00:00+08:00,south,58.0
2026-09-17T18:00:00+08:00,east,50.0
2026-09-17T18:00:00+08:00,west,66.0
2026-09-17T18:00:00+08:00,central,99.0
2026-09-17T18:00:00+08:00,north,46.0
2026-09-17T18:00:00+08:00,south,58.0
2026-09-17T18:00:00+08:00,east,50.0
2026-09-17T18:00:00+08:00,west,66.0
2026-09-17T18:00:00+08:00,central,99.0
2026-09-17T19:00:00+08:00,north,59.0
2026-09-17T19:00:00+08:00,south,40.0
2026-09-17T19:00:00+08:00,east,63.0
2026-09-17T19:00:00+08:00,west,77.0
2026-09-17T19:00:00+08:00,central,101.0
2026-09-17T19:00:00+08:00,north,59.0
2026-09-17T19:00:00+08:00,south,40.0
2026-09-17T19:00:00+08:00,east,63.0
2026-09-17T19:00:00+08:00,west,77.0
2026-09-17T19:00:00+08:00,central,101.0
2026-09-17T19:00:00+08:00,north,59.0
2026-09-17T19:00:00+08:00,south,40.0
2026-09-17T19:00:00+08:00,east,63.0
2026-09-17T19:00:00+08:00,west,77.0
2026-09-17T19:00:00+08:00,central,101.0
2026-09-17T23:00:00+08:00,north,43.0
2026-09-17T23:00:00+08:00,south,26.0
2026-09-17T23:00:00+08:00,east,27.0
2026-09-17T23:00:00+08:00,west,38.0
2026-09-17T23:00:00+08:00,central,50.0
2026-09-17T23:00:00+08:00,north,43.0
2026-09-17T23:00:00+08:00,south,26.0
2026-09-17T23:00:00+08:00,east,27.0
2026-09-17T23:00:00+08:00,west,38.0
2026-09-17T23:00:00+08:00,central,50.0
2026-09-17T23:00:00+08:00,north,43.0
2026-09-17T23:00:00+08:00,south,26.0
2026-09-17T23:00:00+08:00,east,27.0
2026-09-17T23:00:00+08:00,west,38.0
2026-09-17T23:00:00+08:00,central,50.0
2026-09-17T23:00:00+08:00,north,43.0
2026-09-17T23:00:00+08:00,south,26.0
2026-09-17T23:00:00+08:00,east,27.0
2026-09-17T23:00:00+08:00,west,38.0
2026-09-17T23:00:00+08:00,central,50.0
2026-09-17T23:00:00+08:00,north,43.0
2026-09-17T23:00:00+08:00,south,26.0
2026-09-17T23:00:00+08:00,east,27.0
2026-09-17T23:00:00+08:00,west,38.0
2026-09-17T23:00:00+08:00,central,50.0
2026-09-17T23:00:00+08:00,north,43.0
2026-09-17T23:00:00+08:00,south,26.0
2026-09-17T23:00:00+08:00,east,27.0
2026-09-17T23:00:00+08:00,west,38.0
2026-09-17T23:00:00+08:00,central,50.0
2026-09-17T23:00:00+08:00,north,43.0
2026-09-17T23:00:00+08:00,south,26.0
2026-09-17T23:00:00+08:00,east,27.0
2026-09-17T23:00:00+08:00,west,38.0
2026-09-17T23:00:00+08:00,central,50.0
2026-09-17T23:00:00+08:00,north,43.0
2026-09-17T23:00:00+08:00,south,26.0
2026-09-17T23:00:00+08:00,east,27.0
2026-09-17T23:00:00+08:00,west,38.0
2026-09-17T23:00:00+08:00,central,50.0
2026-09-17T23:00:00+08:00,north,43.0
2026-09-17T23:00:00+08:00,south,26.0
2026-09-17T23:00:00+08:00,east,27.0
2026-09-17T23:00:00+08:00,west,38.0
2026-09-17T23:00:00+08:00,central,50.0
2026-09-17T23:00:00+08:00,north,43.0
2026-09-17T23:00:00+08:00,south,26.0
2026-09-17T23:00:00+08:00,east,27.0
2026-09-17T23:00:00+08:00,west,38.0
2026-09-17T23:00:00+08:00,central,50.0
2026-09-17T23:00:00+08:00,north,43.0
2026-09-17T23:00:00+08:00,south,26.0
2026-09-17T23:00:00+08:00,east,27.0
2026-09-17T23:00:00+08:00,west,38.0
2026-09-17T23:00:00+08:00,central,50.0
2026-09-17T23:00:00+08:00,north,43.0
2026-09-17T23:00:00+08:00,south,26.0
2026-09-17T23:00:00+08:00,east,27.0
2026-09-17T23:00:00+08:00,west,38.0
2026-09-17T23:00:00+08:00,central,50.0
2026-09-18T00:00:00+08:00,north,21.0
2026-09-18T00:00:00+08:00,north,21.0
2026-09-18T00:00:00+08:00,south,18.0
2026-09-18T00:00:00+08:00,south,18.0
2026-09-18T00:00:00+08:00,east,22.0
2026-09-18T00:00:00+08:00,east,22.0
2026-09-18T00:00:00+08:00,west,22.0
2026-09-18T00:00:00+08:00,west,22.0
2026-09-18T00:00:00+08:00,central,30.0
2026-09-18T00:00:00+08:00,central,30.0
2026-09-18T00:00:00+08:00,north,21.0
2026-09-18T00:00:00+08:00,south,18.0
2026-09-18T00:00:00+08:00,east,22.0
2026-09-18T00:00:00+08:00,west,22.0
2026-09-18T00:00:00+08:00,central,30.0
2026-09-18T00:00:00+08:00,north,21.0
2026-09-18T00:00:00+08:00,south,18.0
2026-09-18T00:00:00+08:00,east,22.0
2026-09-18T00:00:00+08:00,west,22.0
2026-09-18T00:00:00+08:00,central,30.0
2026-09-18T00:00:00+08:00,north,21.0
2026-09-18T00:00:00+08:00,south,18.0
2026-09-18T00:00:00+08:00,east,22.0
2026-09-18T00:00:00+08:00,west,22.0
2026-09-18T00:00:00+08:00,central,30.0
2026-09-18T00:00:00+08:00,north,21.0
2026-09-18T00:00:00+08:00,south,18.0
2026-09-18T00:00:00+08:00,east,22.0
2026-09-18T00:00:00+08:00,west,22.0
2026-09-18T00:00:00+08:00,central,30.0
2026-09-18T00:00:00+08:00,north,21.0
2026-09-18T00:00:00+08:00,south,18.0
2026-09-18T00:00:00+08:00,east,22.0
2026-09-18T00:00:00+08:00,west,22.0
2026-09-18T00:00:00+08:00,central,30.0
2026-09-18T00:00:00+08:00,north,21.0
2026-09-18T00:00:00+08:00,south,18.0
2026-09-18T00:00:00+08:00,east,22.0
2026-09-18T00:00:00+08:00,west,22.0
2026-09-18T00:00:00+08:00,central,30.0
2026-09-18T00:00:00+08:00,north,21.0
2026-09-18T00:00:00+08:00,south,18.0
2026-09-18T00:00:00+08:00,east,22.0
2026-09-18T00:00:00+08:00,west,22.0
2026-09-18T00:00:00+08:00,central,30.0
2026-09-18T00:00:00+08:00,north,21.0
2026-09-18T00:00:00+08:00,south,18.0
2026-09-18T00:00:00+08:00,east,22.0
2026-09-18T00:00:00+08:00,west,22.0
2026-09-18T00:00:00+08:00,central,30.0
2026-09-18T00:00:00+08:00,north,21.0
2026-09-18T00:00:00+08:00,south,18.0
2026-09-18T00:00:00+08:00,east,22.0
2026-09-18T00:00:00+08:00,west,22.0
2026-09-18T00:00:00+08:00,central,30.0
2026-09-18T00:00:00+08:00,north,21.0
2026-09-18T00:00:00+08:00,south,18.0
2026-09-18T00:00:00+08:00,east,22.0
2026-09-18T00:00:00+08:00,west,22.0
2026-09-18T00:00:00+08:00,central,30.0
2026-09-18T00:00:00+08:00,north,21.0
2026-09-18T00:00:00+08:00,south,18.0
2026-09-18T00:00:00+08:00,east,22.0
2026-09-18T00:00:00+08:00,west,22.0
2026-09-18T00:00:00+08:00,central,30.0
2026-09-18T00:00:00+08:00,north,21.0
2026-09-18T00:00:00+08:00,south,18.0
2026-09-18T00:00:00+08:00,east,22.0
2026-09-18T00:00:00+08:00,west,22.0
2026-09-18T00:00:00+08:00,central,30.0
2026-09-18T00:00:00+08:00,north,21.0
2026-09-18T00:00:00+08:00,south,18.0
2026-09-18T00:00:00+08:00,east,22.0
2026-09-18T00:00:00+08:00,west,22.0
2026-09-18T00:00:00+08:00,central,30.0
2026-09-18T00:00:00+08:00,north,21.0
2026-09-18T00:00:00+08:00,south,18.0
2026-09-18T00:00:00+08:00,east,22.0
2026-09-18T00:00:00+08:00,west,22.0
2026-09-18T00:00:00+08:00,central,30.0
2026-09-18T00:00:00+08:00,north,21.0
2026-09-18T00:00:00+08:00,south,18.0
2026-09-18T00:00:00+08:00,east,22.0
2026-09-18T00:00:00+08:00,west,22.0
2026-09-18T00:00:00+08:00,central,30.0
2026-09-18T00:00:00+08:00,north,21.0
2026-09-18T00:00:00+08:00,south,18.0
2026-09-18T00:00:00+08:00,east,22.0
2026-09-18T00:00:00+08:00,west,22.0
2026-09-18T00:00:00+08:00,central,30.0
2026-09-18T00:00:00+08:00,north,21.0
2026-09-18T00:00:00+08:00,south,18.0
2026-09-18T00:00:00+08:00,east,22.0
2026-09-18T00:00:00+08:00,west,22.0
2026-09-18T00:00:00+08:00,central,30.0
2026-09-18T00:00:00+08:00,north,21.0
2026-09-18T00:00:00+08:00,south,18.0
2026-09-18T00:00:00+08:00,east,22.0
2026-09-18T00:00:00+08:00,west,22.0
2026-09-18T00:00:00+08:00,central,30.0
2026-09-18T00:00:00+08:00,north,21.0
2026-09-18T00:00:00+08:00,south,18.0
2026-09-18T00:00:00+08:00,east,22.0
2026-09-18T00:00:00+08:00,west,22.0
2026-09-18T00:00:00+08:00,central,30.0
2026-09-18T00:00:00+08:00,north,21.0
2026-09-18T00:00:00+08:00,south,18.0
2026-09-18T00:00:00+08:00,east,22.0
2026-09-18T00:00:00+08:00,west,22.0
2026-09-18T00:00:00+08:00,central,30.0
2026-09-24T11:00:00+08:00,north,17.0
2026-09-24T11:00:00+08:00,south,19.0
2026-09-24T11:00:00+08:00,east,24.0
2026-09-24T11:00:00+08:00,west,22.0
2026-09-24T11:00:00+08:00,central,13.0
