source,lon,lat
sumatra,104.2911,-5.518
sumatra,105.8387,-4.6231
sumatra,105.7106,-4.5153
sumatra,105.7094,-4.5073
sumatra,105.7025,-4.5084
sumatra,105.8311,-4.7485
sumatra,105.6917,-4.2936
sumatra,105.5507,-4.2066
sumatra,103.7445,-4.1684
sumatra,105.3924,-3.8728
sumatra,105.5463,-3.9909
sumatra,105.5393,-3.9919
sumatra,105.221,-3.8565
sumatra,105.4488,-3.815
sumatra,105.2103,-3.7834
sumatra,103.8736,-4.0263
sumatra,105.4565,-3.7716
sumatra,105.2277,-3.6063
sumatra,105.2205,-3.6074
sumatra,105.2362,-3.5135
sumatra,107.6882,-3.0525
sumatra,107.6804,-3.0537
sumatra,105.262,-3.2937
sumatra,105.1834,-3.3051
sumatra,105.1762,-3.3062
sumatra,105.1559,-3.2676
sumatra,106.6128,-3.0408
sumatra,105.337,-3.2158
sumatra,105.33,-3.2168
sumatra,104.9883,-3.2423
sumatra,107.707,-3.0712
sumatra,105.1883,-3.4374
sumatra,105.1811,-3.4385
sumatra,107.6893,-3.0595
sumatra,105.2691,-3.2927
sumatra,105.3857,-3.1594
sumatra,105.3851,-3.1578
sumatra,105.6116,-3.0748
sumatra,105.6016,-3.0763
sumatra,105.6105,-3.067
sumatra,105.6004,-3.0685
sumatra,104.9444,-3.1491
sumatra,104.937,-3.1502
sumatra,106.5666,-2.9014
sumatra,105.2447,-2.9885
sumatra,105.2376,-2.9895
sumatra,106.5682,-2.7853
sumatra,106.5594,-2.7866
sumatra,105.2435,-2.9804
sumatra,105.2364,-2.9815
sumatra,105.9885,-2.7627
sumatra,106.5262,-2.8675
sumatra,106.5251,-2.8601
sumatra,106.5671,-2.8385
sumatra,106.2594,-2.8696
sumatra,106.2583,-2.862
sumatra,106.2297,-2.8585
sumatra,105.0936,-2.9525
sumatra,105.0864,-2.9536
sumatra,106.1349,-2.7799
sumatra,104.1484,-2.2305
sumatra,105.7798,-2.1067
sumatra,105.4194,-1.865
sumatra,105.4369,-1.8464
sumatra,105.427,-1.8478
sumatra,105.4301,-1.8513
sumatra,104.3404,-1.6093
sumatra,104.3327,-1.6105
sumatra,104.3315,-1.6021
sumatra,104.3238,-1.6032
sumatra,103.7931,-1.3121
sumatra,104.2844,-1.1769
sumatra,104.2832,-1.1685
sumatra,102.3984,-1.2616
sumatra,102.8096,-1.1393
kalimantan,115.0844,-3.7947
kalimantan,114.7441,-3.6477
kalimantan,115.0664,-3.5888
kalimantan,115.0563,-3.5904
kalimantan,115.0651,-3.5809
kalimantan,114.7118,-3.6291
kalimantan,114.755,-3.5906
kalimantan,114.7046,-3.506
kalimantan,114.7406,-3.4844
kalimantan,114.5965,-3.4997
kalimantan,115.3103,-3.3581
kalimantan,115.3033,-3.3592
kalimantan,114.7614,-3.272
kalimantan,114.7505,-3.2658
kalimantan,114.1387,-3.3164
kalimantan,114.1376,-3.3089
kalimantan,114.2902,-3.2774
kalimantan,114.2811,-3.2788
kalimantan,114.6435,-3.2061
kalimantan,114.6339,-3.2076
kalimantan,114.2882,-3.1924
kalimantan,114.4714,-3.1483
kalimantan,114.6684,-3.4506
kalimantan,114.7828,-3.4247
kalimantan,114.7816,-3.417
kalimantan,114.684,-3.4245
kalimantan,114.7092,-3.3967
kalimantan,115.6798,-3.2242
kalimantan,114.8036,-3.3657
kalimantan,114.6208,-3.3951
kalimantan,114.8024,-3.358
kalimantan,114.6006,-3.3905
kalimantan,115.5346,-3.2146
kalimantan,114.7008,-3.3292
kalimantan,115.8864,-2.9172
kalimantan,114.5078,-3.1347
kalimantan,114.28,-3.1395
kalimantan,113.9222,-3.1962
kalimantan,114.2514,-3.1364
kalimantan,113.9286,-3.18
kalimantan,114.0321,-3.1483
kalimantan,113.9351,-3.1638
kalimantan,113.7532,-3.1929
kalimantan,114.031,-3.1409
kalimantan,114.033,-3.1464
kalimantan,113.9358,-3.1614
kalimantan,113.7535,-3.1894
kalimantan,111.9798,-3.461
kalimantan,114.023,-3.1404
kalimantan,111.9716,-3.4554
kalimantan,111.8849,-3.4686
kalimantan,111.8592,-3.4449
kalimantan,113.3857,-3.2017
kalimantan,113.3774,-3.203
kalimantan,114.4544,-3.0269
kalimantan,114.445,-3.0283
kalimantan,111.8859,-3.427
kalimantan,111.8787,-3.4281
kalimantan,111.8715,-3.4292
kalimantan,114.4532,-3.0192
kalimantan,114.4438,-3.0207
kalimantan,113.9619,-3.0966
kalimantan,113.8917,-3.1076
kalimantan,113.8308,-3.1172
kalimantan,112.5486,-3.3175
kalimantan,111.8777,-3.4214
kalimantan,111.8633,-3.4236
kalimantan,113.9608,-3.0892
kalimantan,113.8906,-3.1002
kalimantan,113.8557,-3.1057
kalimantan,113.847,-3.1071
kalimantan,113.8383,-3.1085
kalimantan,113.6728,-3.1196
kalimantan,113.6558,-3.1222
kalimantan,111.8746,-3.4011
kalimantan,111.8674,-3.4022
kalimantan,113.9927,-3.0613
kalimantan,113.9574,-3.0669
kalimantan,113.8871,-3.0781
kalimantan,113.8784,-3.0795
kalimantan,113.6717,-3.1123
kalimantan,111.8663,-3.3955
kalimantan,111.8592,-3.3966
kalimantan,111.852,-3.3977
kalimantan,111.8448,-3.3988
kalimantan,113.921,-3.0651
kalimantan,113.9122,-3.0665
kalimantan,113.8685,-3.0735
kalimantan,112.5964,-3.2746
kalimantan,111.8581,-3.3898
kalimantan,111.8509,-3.391
kalimantan,113.9463,-3.0535
kalimantan,113.9199,-3.0577
kalimantan,113.9111,-3.0591
kalimantan,114.0219,-3.1329
kalimantan,111.9705,-3.4486
kalimantan,111.8766,-3.463
kalimantan,114.0207,-3.1255
kalimantan,114.0118,-3.1268
kalimantan,113.6478,-3.1832
kalimantan,111.89,-3.454
kalimantan,111.8756,-3.4562
kalimantan,111.8684,-3.4573
kalimantan,114.4485,-3.0513
kalimantan,113.9137,-3.1345
kalimantan,113.905,-3.1358
kalimantan,113.844,-3.1453
kalimantan,113.8266,-3.148
kalimantan,111.889,-3.4473
kalimantan,111.8746,-3.4495
kalimantan,111.8674,-3.4506
kalimantan,111.8602,-3.4517
kalimantan,114.2253,-3.0783
kalimantan,113.9039,-3.1284
kalimantan,111.9055,-3.4102
kalimantan,111.8479,-3.4191
kalimantan,113.9596,-3.0818
kalimantan,113.9157,-3.0887
kalimantan,113.8982,-3.0915
kalimantan,113.8894,-3.0928
kalimantan,113.8807,-3.0942
kalimantan,113.872,-3.0956
kalimantan,113.8372,-3.1011
kalimantan,113.8198,-3.1038
kalimantan,113.6824,-3.1255
kalimantan,113.6739,-3.1269
kalimantan,113.6569,-3.1295
kalimantan,111.9044,-3.4034
kalimantan,111.8972,-3.4045
kalimantan,111.8468,-3.4123
kalimantan,113.9585,-3.0743
kalimantan,113.9146,-3.0813
kalimantan,113.8795,-3.0868
kalimantan,113.6813,-3.1182
kalimantan,112.5954,-3.2676
kalimantan,113.9804,-3.0404
kalimantan,113.9716,-3.0418
kalimantan,111.8561,-3.3763
kalimantan,111.8489,-3.3774
kalimantan,113.9737,-3.0471
kalimantan,113.9119,-3.0566
kalimantan,111.855,-3.3715
kalimantan,111.8478,-3.3726
kalimantan,113.9725,-3.0397
kalimantan,112.3594,-3.2874
kalimantan,114.2782,-2.9848
kalimantan,113.9803,-3.0309
kalimantan,113.5744,-3.0935
kalimantan,113.7263,-3.0626
kalimantan,114.0491,-3.005
kalimantan,113.7338,-3.0539
kalimantan,113.3558,-3.1125
kalimantan,112.8822,-3.1282
kalimantan,112.7038,-3.1562
kalimantan,112.6961,-3.1574
kalimantan,112.2661,-3.2246
kalimantan,112.8109,-3.1322
kalimantan,112.7027,-3.1492
kalimantan,112.6873,-3.1517
kalimantan,112.4566,-3.171
kalimantan,112.2241,-3.1996
kalimantan,115.9675,-2.6144
kalimantan,114.6126,-2.8247
kalimantan,114.603,-2.8262
kalimantan,112.4545,-3.1572
kalimantan,111.8653,-3.2475
kalimantan,111.8581,-3.2486
kalimantan,111.8509,-3.2497
kalimantan,112.4535,-3.1503
kalimantan,113.3034,-3.0986
kalimantan,112.2047,-3.2692
kalimantan,113.335,-3.0863
kalimantan,112.6085,-3.1996
kalimantan,112.4119,-3.2301
kalimantan,112.367,-3.237
kalimantan,112.2037,-3.2623
kalimantan,112.366,-3.2302
kalimantan,112.2174,-3.2532
kalimantan,112.21,-3.2544
kalimantan,115.0915,-2.7935
kalimantan,112.2756,-3.2372
kalimantan,112.2682,-3.2383
kalimantan,113.3071,-3.0687
kalimantan,112.8833,-3.1352
kalimantan,112.2671,-3.2315
kalimantan,111.8859,-3.2375
kalimantan,111.8787,-3.2386
kalimantan,111.8715,-3.2397
kalimantan,111.8643,-3.2408
kalimantan,111.9646,-3.2185
kalimantan,111.9573,-3.2196
kalimantan,111.9501,-3.2207
kalimantan,111.9428,-3.2218
kalimantan,111.8921,-3.2296
kalimantan,111.8849,-3.2307
kalimantan,111.8777,-3.2318
kalimantan,112.3463,-3.1527
kalimantan,112.3388,-3.1539
kalimantan,111.978,-3.2094
kalimantan,111.9708,-3.2106
kalimantan,111.9635,-3.2117
kalimantan,111.9345,-3.2161
kalimantan,111.8983,-3.2217
kalimantan,111.8911,-3.2228
kalimantan,111.855,-3.2284
kalimantan,112.5487,-3.1144
kalimantan,112.3378,-3.147
kalimantan,111.9843,-3.2015
kalimantan,111.977,-3.2027
kalimantan,111.9262,-3.2105
kalimantan,112.8381,-3.0481
kalimantan,112.0322,-3.1733
kalimantan,112.3935,-3.1102
kalimantan,112.7196,-3.0523
kalimantan,112.3849,-3.1045
kalimantan,112.5804,-3.0669
kalimantan,112.4139,-3.0929
kalimantan,112.5109,-3.0707
kalimantan,112.3305,-3.0989
kalimantan,112.7318,-3.0289
kalimantan,112.3668,-3.0862
kalimantan,113.1489,-2.9558
kalimantan,112.0187,-3.1337
kalimantan,113.3118,-2.9317
kalimantan,113.1489,-2.9566
kalimantan,112.3198,-3.0834
kalimantan,113.319,-2.9232
kalimantan,113.1317,-2.9519
kalimantan,113.0689,-2.918
kalimantan,112.8864,-2.9464
kalimantan,114.1951,-2.7344
kalimantan,114.1859,-2.7359
kalimantan,112.6753,-2.972
kalimantan,114.1848,-2.7283
kalimantan,112.8607,-2.936
kalimantan,112.8596,-2.9289
kalimantan,112.3992,-3.0007
kalimantan,112.9057,-2.9145
kalimantan,112.8978,-2.9157
kalimantan,112.3907,-2.995
kalimantan,112.4197,-2.9834
kalimantan,112.3885,-2.9812
kalimantan,112.8397,-2.9033
kalimantan,112.3875,-2.9743
kalimantan,112.38,-2.9755
kalimantan,116.2329,-2.2946
kalimantan,113.0269,-2.8014
kalimantan,113.3099,-2.7499
kalimantan,113.0258,-2.7944
kalimantan,112.7034,-2.8447
kalimantan,112.6647,-2.8508
kalimantan,112.2483,-2.9156
kalimantan,112.8112,-2.8207
kalimantan,112.7023,-2.8377
kalimantan,112.2845,-2.9029
kalimantan,112.7012,-2.8307
kalimantan,112.6472,-2.8392
kalimantan,112.2834,-2.896
kalimantan,112.276,-2.8972
kalimantan,112.7002,-2.8238
kalimantan,112.6384,-2.8334
kalimantan,112.6307,-2.8347
kalimantan,112.8629,-2.791
kalimantan,112.622,-2.8289
kalimantan,112.6143,-2.8301
kalimantan,112.9915,-2.7274
kalimantan,112.8096,-2.7555
kalimantan,112.7783,-2.7603
kalimantan,113.0144,-2.7166
kalimantan,113.0064,-2.7179
kalimantan,112.8164,-2.7473
kalimantan,112.8085,-2.7485
kalimantan,112.7772,-2.7533
kalimantan,113.0053,-2.7108
kalimantan,112.8074,-2.7415
kalimantan,112.7996,-2.7427
kalimantan,112.784,-2.7451
kalimantan,112.7761,-2.7463
kalimantan,112.3173,-2.8173
kalimantan,111.5025,-2.9429
kalimantan,112.5739,-2.7705
kalimantan,112.3313,-2.8081
kalimantan,112.3163,-2.8105
kalimantan,111.919,-3.2116
kalimantan,111.9045,-3.2138
kalimantan,111.8973,-3.2149
kalimantan,111.854,-3.2216
kalimantan,111.8467,-3.2227
kalimantan,111.8395,-3.2238
kalimantan,112.8481,-3.0609
kalimantan,112.5553,-3.1063
kalimantan,112.3367,-3.1401
kalimantan,112.3293,-3.1413
kalimantan,111.9832,-3.1948
kalimantan,111.918,-3.2048
kalimantan,111.9107,-3.2059
kalimantan,111.9035,-3.2071
kalimantan,112.0332,-3.1801
kalimantan,112.0186,-3.1823
kalimantan,111.9097,-3.1992
kalimantan,111.9025,-3.2003
kalimantan,112.3486,-3.0719
kalimantan,111.9579,-3.1317
kalimantan,113.1306,-2.9448
kalimantan,113.1537,-2.934
kalimantan,113.1456,-2.9352
kalimantan,112.7192,-3.0009
kalimantan,112.6268,-3.0151
kalimantan,112.369,-3.0547
kalimantan,112.2943,-3.0662
kalimantan,116.2889,-2.4384
kalimantan,112.6257,-3.0082
kalimantan,112.0204,-3.1013
kalimantan,116.3042,-2.4271
kalimantan,112.6784,-2.9929
kalimantan,112.2624,-3.0571
kalimantan,112.6851,-2.9847
kalimantan,112.2688,-3.0491
kalimantan,111.931,-3.1011
kalimantan,113.077,-2.9167
kalimantan,112.3725,-2.9767
kalimantan,111.8648,-3.0559
kalimantan,112.8386,-2.8963
kalimantan,112.3789,-2.9686
kalimantan,112.4311,-2.9578
kalimantan,112.3784,-2.9659
kalimantan,111.8627,-3.0446
kalimantan,112.3849,-2.9578
kalimantan,112.3773,-2.959
kalimantan,111.8472,-3.04
kalimantan,112.3763,-2.9521
kalimantan,112.2705,-2.9613
kalimantan,112.263,-2.9624
kalimantan,113.0632,-2.8249
kalimantan,112.4637,-2.9175
kalimantan,112.4626,-2.9105
kalimantan,112.4551,-2.9117
kalimantan,112.2822,-2.9384
kalimantan,112.3111,-2.9269
kalimantan,112.2812,-2.9315
kalimantan,111.87,-2.995
kalimantan,112.8304,-2.7889
kalimantan,112.6209,-2.8219
kalimantan,112.6132,-2.8231
kalimantan,112.8306,-2.7883
kalimantan,112.6132,-2.8215
kalimantan,112.8296,-2.7812
kalimantan,112.8285,-2.7742
kalimantan,112.8206,-2.7754
kalimantan,116.4712,-2.2026
kalimantan,113.0016,-2.7404
kalimantan,112.8353,-2.7659
kalimantan,112.8274,-2.7672
kalimantan,112.8196,-2.7684
kalimantan,112.8117,-2.7696
kalimantan,112.8039,-2.7708
kalimantan,113.0086,-2.732
kalimantan,113.0006,-2.7333
kalimantan,112.5935,-2.796
kalimantan,113.0155,-2.7237
kalimantan,113.0075,-2.7249
kalimantan,112.7662,-2.7335
kalimantan,112.5805,-2.7624
kalimantan,112.734,-2.7314
kalimantan,112.7262,-2.7326
kalimantan,112.7251,-2.7256
kalimantan,112.7241,-2.7186
kalimantan,110.9836,-2.975
kalimantan,112.846,-2.6778
kalimantan,111.5583,-2.8794
kalimantan,112.8462,-2.6774
kalimantan,112.2934,-2.7618
kalimantan,111.557,-2.8741
kalimantan,111.5499,-2.8752
kalimantan,112.2923,-2.7549
kalimantan,111.5489,-2.8684
kalimantan,110.9869,-2.9542
kalimantan,112.8835,-2.6572
kalimantan,111.555,-2.8606
kalimantan,112.9098,-2.617
kalimantan,112.9019,-2.6183
kalimantan,111.5356,-2.8292
kalimantan,111.5285,-2.8303
kalimantan,110.9045,-2.9261
kalimantan,112.9087,-2.61
kalimantan,113.2882,-2.5435
kalimantan,112.3591,-2.6882
kalimantan,111.5265,-2.8169
kalimantan,110.7779,-2.9319
kalimantan,110.9639,-2.8966
kalimantan,112.2221,-2.6954
kalimantan,113.2931,-2.5206
kalimantan,112.6537,-2.621
kalimantan,112.8954,-2.5759
kalimantan,110.8846,-2.8884
kalimantan,111.5478,-2.8617
kalimantan,113.3862,-2.5727
kalimantan,112.8904,-2.649
kalimantan,111.5539,-2.8539
kalimantan,112.9051,-2.6395
kalimantan,112.2071,-2.7468
kalimantan,112.1848,-2.7503
kalimantan,111.7524,-2.8097
kalimantan,111.5305,-2.8438
kalimantan,111.3818,-2.8666
kalimantan,111.3747,-2.8676
kalimantan,112.9188,-2.6229
kalimantan,112.9109,-2.6241
kalimantan,112.8397,-2.6351
kalimantan,111.0375,-2.9125
kalimantan,112.9261,-2.5638
kalimantan,111.0991,-2.8486
kalimantan,113.2815,-2.5003
kalimantan,111.0981,-2.8419
kalimantan,111.0911,-2.843
kalimantan,113.2826,-2.5023
kalimantan,113.2815,-2.4951
kalimantan,114.1779,-2.3344
kalimantan,112.8497,-2.5395
kalimantan,110.8622,-2.8375
kalimantan,114.038,-2.3406
kalimantan,110.8543,-2.8319
kalimantan,110.8473,-2.833
kalimantan,110.8404,-2.834
kalimantan,114.0278,-2.3345
kalimantan,110.8671,-2.8232
kalimantan,115.9252,-2.0191
kalimantan,111.9904,-2.6158
kalimantan,110.7514,-2.807
kalimantan,110.3864,-2.8628
kalimantan,111.1804,-2.7274
kalimantan,111.6611,-2.6461
kalimantan,110.3801,-2.8296
kalimantan,115.9493,-1.9684
kalimantan,110.2809,-2.8244
kalimantan,110.8034,-2.7379
kalimantan,110.4311,-2.7947
kalimantan,110.2936,-2.8157
kalimantan,110.2868,-2.8168
kalimantan,110.3907,-2.7603
kalimantan,110.2876,-2.7761
kalimantan,115.8643,-1.8943
kalimantan,113.8803,-2.2108
kalimantan,112.5979,-2.4125
kalimantan,112.5901,-2.4137
kalimantan,110.7065,-2.7052
kalimantan,110.3966,-2.7527
kalimantan,110.2798,-2.7705
kalimantan,110.2788,-2.7639
kalimantan,110.3946,-2.7394
kalimantan,110.2709,-2.7583
kalimantan,114.2617,-2.1269
kalimantan,113.8058,-2.1998
kalimantan,113.8068,-2.1978
kalimantan,110.9205,-2.6249
kalimantan,110.6841,-2.6542
kalimantan,110.6831,-2.6476
kalimantan,111.6091,-2.4576
kalimantan,110.3859,-2.6389
kalimantan,110.3309,-2.6473
kalimantan,111.0417,-2.5315
kalimantan,110.3849,-2.6323
kalimantan,110.378,-2.6333
kalimantan,113.9883,-2.0621
kalimantan,110.3152,-2.6362
kalimantan,110.2671,-2.6435
kalimantan,114.194,-2.0379
kalimantan,110.3272,-2.6272
kalimantan,113.9896,-2.0614
kalimantan,110.3331,-2.6195
kalimantan,110.3262,-2.6205
kalimantan,113.7376,-2.0923
kalimantan,113.5201,-2.1257
kalimantan,113.4092,-2.1427
kalimantan,111.4741,-2.4386
kalimantan,111.467,-2.4397
kalimantan,112.9827,-2.1205
kalimantan,110.6548,-2.4686
kalimantan,111.4587,-2.3392
kalimantan,110.6538,-2.462
kalimantan,113.7138,-1.9876
kalimantan,113.4792,-2.0235
kalimantan,111.479,-2.3293
kalimantan,113.6609,-1.9351
kalimantan,115.8656,-1.5781
kalimantan,113.6598,-1.9277
kalimantan,110.7959,-2.8205
kalimantan,110.7682,-2.8247
kalimantan,110.7613,-2.8258
kalimantan,112.1697,-2.6019
kalimantan,110.8572,-2.8043
kalimantan,110.7673,-2.8181
kalimantan,110.7603,-2.8192
kalimantan,110.3884,-2.8761
kalimantan,110.3815,-2.8771
kalimantan,110.3678,-2.8792
kalimantan,112.9455,-2.4739
kalimantan,112.9295,-2.4764
kalimantan,110.7662,-2.8115
kalimantan,110.7593,-2.8125
kalimantan,110.7524,-2.8136
kalimantan,110.3874,-2.8694
kalimantan,112.9444,-2.4668
kalimantan,112.1528,-2.5905
kalimantan,112.1454,-2.5917
kalimantan,115.9515,-1.933
kalimantan,110.3888,-2.7944
kalimantan,112.6032,-2.4474
kalimantan,111.1492,-2.6713
kalimantan,111.1352,-2.6735
kalimantan,110.3741,-2.7899
kalimantan,110.326,-2.7972
kalimantan,113.7784,-2.2574
kalimantan,110.6898,-2.7349
kalimantan,110.6829,-2.7359
kalimantan,110.6691,-2.7381
kalimantan,112.1836,-2.4982
kalimantan,111.0842,-2.6677
kalimantan,110.6819,-2.7293
kalimantan,110.6809,-2.7227
kalimantan,110.2886,-2.7827
kalimantan,111.5722,-2.5047
kalimantan,111.5365,-2.5101
kalimantan,110.6821,-2.641
kalimantan,114.2003,-2.0907
kalimantan,113.8,-2.1531
kalimantan,111.5355,-2.5034
kalimantan,110.3094,-2.6912
kalimantan,111.5416,-2.4956
kalimantan,110.769,-2.6074
kalimantan,110.6446,-2.6264
kalimantan,113.7789,-2.1336
kalimantan,110.6367,-2.6208
kalimantan,115.8707,-1.7938
kalimantan,111.6101,-2.4643
kalimantan,111.5457,-2.4743
kalimantan,110.2367,-2.6752
kalimantan,113.9601,-2.0505
kalimantan,113.7364,-2.0849
kalimantan,113.5189,-2.1184
kalimantan,113.7441,-2.0761
kalimantan,111.0561,-2.4888
kalimantan,116.3638,-1.6519
kalimantan,116.3551,-1.6533
kalimantan,110.774,-2.5048
kalimantan,116.3166,-1.6322
kalimantan,112.9559,-2.1611
kalimantan,112.9478,-2.1624
kalimantan,110.773,-2.4981
kalimantan,111.4009,-2.388
kalimantan,114.0043,-1.9742
kalimantan,110.431,-2.5234
kalimantan,110.4764,-2.4078
kalimantan,113.5952,-1.9151
kalimantan,113.6464,-1.8994
kalimantan,111.0339,-2.3022
kalimantan,113.6471,-1.8969
kalimantan,113.6384,-1.8983
kalimantan,113.2847,-1.9374
kalimantan,113.2763,-1.9387
kalimantan,113.5208,-1.8861
kalimantan,116.224,-1.3045
kalimantan,112.1073,-1.9529
kalimantan,112.272,-1.9202
kalimantan,112.2644,-1.9214
kalimantan,112.2569,-1.9226
kalimantan,113.453,-1.728
kalimantan,112.3546,-1.9003
kalimantan,112.2331,-1.9192
kalimantan,112.3609,-1.8922
kalimantan,111.178,-2.0759
kalimantan,111.0437,-2.0898
kalimantan,111.0367,-2.0909
kalimantan,110.2,-2.2193
kalimantan,110.1588,-2.2256
kalimantan,112.0567,-1.9224
kalimantan,110.4152,-2.159
kalimantan,110.3394,-2.1232
kalimantan,111.2421,-1.9779
kalimantan,111.241,-1.9713
kalimantan,110.1313,-2.1414
kalimantan,110.1245,-2.1425
kalimantan,111.1413,-1.9798
kalimantan,111.1343,-1.9809
kalimantan,110.1303,-2.1348
kalimantan,113.0172,-1.6806
kalimantan,111.1403,-1.9731
kalimantan,111.1333,-1.9742
kalimantan,111.1122,-1.9774
kalimantan,112.3442,-1.779
kalimantan,113.017,-1.675
kalimantan,117.0938,-1.0457
kalimantan,113.2645,-1.6225
kalimantan,110.3721,-2.0637
kalimantan,111.8218,-1.8217
kalimantan,113.164,-1.522
kalimantan,111.0689,-1.842
kalimantan,111.9658,-1.677
kalimantan,110.4063,-1.8754
kalimantan,110.2118,-1.8916
kalimantan,110.1706,-1.8979
kalimantan,110.169,-1.8909
kalimantan,110.789,-1.7897
kalimantan,110.2622,-1.8564
kalimantan,110.2268,-1.8551
kalimantan,110.2199,-1.8561
kalimantan,112.5471,-1.4934
kalimantan,111.2057,-1.6988
kalimantan,111.1987,-1.6999
kalimantan,110.2327,-1.8474
kalimantan,113.121,-1.2894
kalimantan,113.1126,-1.2907
kalimantan,110.235,-1.7317
kalimantan,110.1575,-1.73
kalimantan,110.4454,-1.6792
kalimantan,117.2723,-0.607
kalimantan,110.472,-1.6684
kalimantan,110.1692,-1.7146
kalimantan,112.7065,-1.3169
kalimantan,110.6507,-1.6342
kalimantan,110.6438,-1.6353
kalimantan,110.1858,-1.6851
kalimantan,110.1515,-1.6903
kalimantan,110.1447,-1.6914
kalimantan,110.8468,-1.5705
kalimantan,110.8458,-1.5638
kalimantan,112.8025,-1.9028
kalimantan,113.3014,-1.8189
kalimantan,110.545,-2.2207
kalimantan,110.5381,-2.2217
kalimantan,110.5371,-2.2151
kalimantan,113.6225,-1.7316
kalimantan,112.7881,-1.8615
kalimantan,110.5361,-2.2085
kalimantan,110.5292,-2.2095
kalimantan,111.1469,-2.1081
kalimantan,112.9061,-1.7711
kalimantan,111.045,-2.056
kalimantan,112.905,-1.764
kalimantan,111.3189,-2.0073
kalimantan,111.1142,-2.0386
kalimantan,111.044,-2.0494
kalimantan,111.037,-2.0504
kalimantan,111.03,-2.0515
kalimantan,113.158,-1.7177
kalimantan,113.4272,-1.6686
kalimantan,112.5066,-1.8109
kalimantan,117.0188,-1.0981
kalimantan,111.1605,-2.011
kalimantan,110.3473,-2.1287
kalimantan,111.8145,-1.8228
kalimantan,111.8207,-1.8149
kalimantan,111.2631,-1.8798
kalimantan,110.9455,-1.9217
kalimantan,111.3718,-1.8287
kalimantan,111.3838,-1.8146
kalimantan,111.3196,-1.8244
kalimantan,111.3184,-1.8177
kalimantan,111.3113,-1.8188
kalimantan,111.0982,-1.8444
kalimantan,111.091,-1.8455
kalimantan,110.2258,-1.8485
kalimantan,112.7833,-1.4426
kalimantan,110.1963,-1.8394
kalimantan,112.3341,-1.5047
kalimantan,110.1532,-1.8325
kalimantan,112.8934,-1.4036
kalimantan,112.8853,-1.4049
kalimantan,110.1786,-1.8151
kalimantan,111.3123,-1.6344
kalimantan,110.9593,-1.6887
kalimantan,110.377,-1.778
kalimantan,112.352,-1.4662
kalimantan,110.3166,-1.7598
kalimantan,112.9935,-1.3458
kalimantan,110.8412,-1.6731
kalimantan,112.7965,-1.3685
kalimantan,110.2301,-1.7459
kalimantan,110.8029,-1.5635
kalimantan,110.774,-1.5611
kalimantan,110.5038,-1.6023
kalimantan,110.5028,-1.5957
kalimantan,110.4959,-1.5968
kalimantan,110.4752,-1.5999
kalimantan,110.4683,-1.601
kalimantan,110.5018,-1.5891
kalimantan,110.4949,-1.5901
kalimantan,110.5008,-1.5825
kalimantan,110.4939,-1.5835
kalimantan,110.487,-1.5846
kalimantan,110.4998,-1.5758
kalimantan,110.4929,-1.5769
kalimantan,112.739,-1.2032
kalimantan,110.6688,-1.5228
kalimantan,110.6618,-1.5239
kalimantan,113.1568,-1.1233
kalimantan,110.3068,-1.558
kalimantan,110.3058,-1.5513
kalimantan,110.1724,-1.5578
kalimantan,110.1038,-1.5682
kalimantan,110.1783,-1.5501
kalimantan,110.1911,-1.5414
kalimantan,110.1842,-1.5425
kalimantan,110.1773,-1.5435
kalimantan,110.1018,-1.555
kalimantan,110.088,-1.5571
kalimantan,110.0812,-1.5582
kalimantan,110.0743,-1.5592
kalimantan,112.7552,-1.1432
kalimantan,110.2588,-1.5243
kalimantan,110.2519,-1.5254
kalimantan,110.1901,-1.5348
kalimantan,110.1488,-1.5411
kalimantan,110.142,-1.5421
kalimantan,110.3886,-1.4977
kalimantan,110.2303,-1.5219
kalimantan,110.1135,-1.5397
kalimantan,110.3945,-1.4901
kalimantan,110.3876,-1.4911
kalimantan,110.2224,-1.5163
kalimantan,110.2214,-1.5097
kalimantan,110.1939,-1.5139
kalimantan,112.6215,-1.1274
kalimantan,112.457,-1.0011
kalimantan,110.5624,-1.2947
kalimantan,110.2158,-1.3407
kalimantan,110.3584,-1.3054
kalimantan,110.5577,-1.2683
kalimantan,110.2816,-1.3104
kalimantan,116.3168,-0.3722
kalimantan,117.4164,-0.1928
kalimantan,116.1995,-0.3811
kalimantan,110.5181,-1.2404
kalimantan,110.7612,-1.1555
kalimantan,109.5758,-1.0245
kalimantan,110.8872,-0.8171
kalimantan,110.8932,-0.8093
kalimantan,110.8862,-0.8104
kalimantan,110.5024,-0.8694
kalimantan,110.4955,-0.8704
kalimantan,110.8918,-0.8035
kalimantan,110.5969,-0.8415
kalimantan,110.368,-0.8763
kalimantan,110.5959,-0.8348
kalimantan,110.8857,-0.7634
kalimantan,110.8355,-0.7642
kalimantan,110.3553,-0.8376
kalimantan,110.3485,-0.8386
kalimantan,110.3346,-0.8407
kalimantan,116.7627,0.1566
kalimantan,110.8415,-0.7565
kalimantan,110.8345,-0.7575
kalimantan,110.5066,-0.8077
kalimantan,110.4997,-0.8087
kalimantan,110.4987,-0.8021
kalimantan,110.1703,-1.4972
kalimantan,110.1556,-1.4927
kalimantan,110.1546,-1.4861
kalimantan,112.7133,-1.0841
kalimantan,112.7052,-1.0854
kalimantan,112.7444,-1.0719
kalimantan,110.6561,-1.3958
kalimantan,112.7433,-1.0648
kalimantan,112.744,-1.0656
kalimantan,110.3761,-1.4181
kalimantan,115.7198,-0.5985
kalimantan,110.3751,-1.4115
kalimantan,116.3599,-0.4827
kalimantan,110.2785,-1.3789
kalimantan,117.4253,-0.0937
kalimantan,110.5862,-1.1349
kalimantan,110.6993,-1.0836
kalimantan,110.6983,-1.077
kalimantan,109.6444,-1.1497
kalimantan,116.4629,-0.0871
kalimantan,116.754,-0.0004
kalimantan,110.8621,-0.8414
kalimantan,112.1181,-0.5466
kalimantan,110.8606,-0.7399
kalimantan,110.4977,-0.7954
kalimantan,110.4908,-0.7965
kalimantan,110.5363,-0.7691
kalimantan,110.5482,-0.7537
kalimantan,112.4533,-0.4298
kalimantan,110.499,-0.7138
kalimantan,116.6224,0.2427
kalimantan,110.497,-0.7005
kalimantan,112.414,-0.3852
kalimantan,112.4061,-0.3864
kalimantan,110.668,-0.6539
kalimantan,111.6646,-0.2556
kalimantan,117.1402,0.7937
kalimantan,111.3394,0.0938
kalimantan,116.5661,0.2945
kalimantan,110.7621,0.1678
